,AA_1,AA_2,AA_3,AA_4,AA_5,AA_6,AA_7,AA_8,AA_9,AA_10,AA_11,AA_12,AA_13,AA_14,AA_15,AA_16,AA_17,AA_18,AA_19
A,-0.12035015,5.4258137,17.016745,2.2042143,2.8196585,3.0313978,-3.7732577,-0.4519756,3.9688737,-1.7827922,0.8029747,1.6952207,2.011256,1.6626248,5.3222466,4.5723157,1.9712666,-2.261113,0.66355336
C,8.227066,8.151966,-6.015521,-14.363759,12.445896,-7.313038,-3.367873,-5.2093315,-1.9149036,4.0999312,2.0778003,0.8949952,1.2913618,-0.39314076,-0.70467234,0.6005432,0.045260172,-0.69393736,0.58950156
D,-18.502157,-3.0412152,-0.074919604,-1.6854501,5.738219,5.063792,9.413392,-2.168806,-1.9700141,-1.6286664,1.5165251,-1.2424482,-3.2580016,5.809958,-2.1877513,0.5613709,3.4719982,-0.120359235,-0.058989417
E,-12.165897,-11.911348,10.555523,4.395205,7.926744,4.113788,4.766319,-3.6863687,-2.372051,-1.419905,-0.49687567,2.3845136,3.459407,-4.025767,-0.2596828,-1.2921048,-4.8518305,0.7368143,0.46763697
F,19.688152,-0.37279683,-3.9456587,1.698545,-1.9570603,4.1118035,1.0899361,2.301924,-1.2771952,-1.4164062,3.7181475,-1.6617905,-0.06835749,-3.4645445,-4.199762,7.0628567,-0.07262835,1.6297027,0.018056955
G,-16.831188,21.629177,3.1235836,-7.335674,-9.4261465,8.832837,-4.847755,-3.544305,-3.0469868,-2.2336915,-1.9463605,0.4163101,0.2740568,-1.1120632,-2.1277092,-1.3855867,-0.39896655,0.039717343,-0.11292794
H,-0.3357358,-8.323935,-4.663859,-4.9724045,1.0845268,0.7022523,-3.4194531,9.547493,-2.8213851,-3.5680616,0.82482785,8.36814,1.3470781,0.91237247,-0.55851513,-1.7043043,1.6341507,0.25764316,0.49245596
I,21.014881,5.8575606,2.4039905,4.249276,-2.4844866,-2.7702034,3.8758056,-0.35740498,-3.9494581,0.40620017,-3.82976,0.99148554,-4.7178416,-0.87362516,1.62797,-0.9675237,0.24729282,-0.31585908,5.5286946
K,-11.812772,-13.541781,5.459664,1.9290336,-5.95619,-2.4615612,-4.360555,-0.3927655,-0.11165225,8.994963,-4.2386246,2.082633,-0.9673077,3.0111601,-2.9135118,2.668753,-1.4434896,-0.1160183,-0.055533145
L,17.919273,3.0868933,11.307291,6.8597193,-2.107819,2.2228494,-0.39898783,0.92874646,0.44181687,5.3414135,7.4665823,-0.9359498,1.1799815,0.21356879,-2.0475984,-5.0282393,1.6373193,-1.0004275,-0.7059247
M,16.168451,-4.852773,3.4575717,-2.0003242,6.5592566,3.3734417,-6.620343,4.005042,-1.0305463,-3.3109932,-3.208938,-7.1430106,-1.9347485,3.2889428,-0.10133492,-1.520383,-3.4104989,0.071198225,-0.93187046
N,-15.427823,-0.0959064,-3.612455,-6.311836,-1.5995593,1.9675733,3.6105392,5.5585876,-1.1009672,4.6124825,2.2057583,-1.7891558,-4.848966,-3.8876543,4.736487,0.29864427,-1.5390378,-1.8225862,-1.9996285
P,-16.50458,11.8824,-16.928919,19.22078,6.0852327,-1.03287,-4.8077774,0.10610396,-0.9825112,0.48193833,0.3067349,0.25776118,-0.26014173,0.18008499,0.51704717,0.09714566,-0.17314623,-0.13546714,-0.33258593
Q,-7.977834,-9.140128,1.7335126,-0.06425645,1.7158138,-2.1345828,-1.499761,0.5779997,0.6312098,0.14547619,-5.2245855,-4.6164203,2.2719092,-4.9593883,-0.49112865,-1.2394924,6.655021,0.6539747,-0.17934074
R,-8.324453,-15.8011,-1.2679517,0.054631874,-8.1227865,-8.346795,-4.802642,-5.8751554,-1.4361476,-5.7949395,5.7171373,-1.344796,-2.456914,0.0029817985,1.423959,-0.41021514,-0.21895254,0.095492475,0.3108159
S,-12.768331,7.992347,1.6343912,-3.085485,-1.3099675,-3.9901855,2.0177054,3.4015324,6.011274,1.0427685,1.7599423,-1.825053,1.6459781,1.4414272,1.1636338,-0.6110608,-1.3395025,6.2547426,2.1062105
T,-4.8389106,5.9711475,-0.06308909,-0.5623075,-1.2759036,-7.649776,4.1397786,2.4798093,7.699967,-3.7482166,-1.4880505,-0.000574309,0.009387055,-0.8337611,-4.2280493,-0.48945656,-1.9239041,-4.5834765,0.11367942
V,16.193203,8.5665655,5.880625,2.6137846,-1.8640387,-7.650207,4.3061094,-1.4704683,-2.3249013,-1.6970521,-3.350781,3.0000122,-0.80347145,0.66352195,1.1843432,0.16078663,0.28651947,2.29253,-5.5230207
W,17.825146,-8.438242,-13.067144,-1.6442173,-0.6060697,9.140286,-0.34632668,-5.4812922,8.42173,0.5750915,-1.6469444,3.259453,-2.336107,-0.4869133,1.1882823,-1.536514,0.265601,0.8138041,-0.6854259
Y,8.573883,-3.044647,-12.933385,-1.1994684,-7.665342,0.7891927,5.0251336,-0.26936153,-2.836143,0.90046424,-0.9655101,-2.7913387,8.161445,2.8502133,2.655753,0.16244958,-0.8424693,-1.7963752,0.29463822
